C,"\Program Files\MySQL\MySQL Server 8.0\bin\mysqld.exe, Version", 8.0.36 (MySQL Community Server - GPL). started with,
TCP Port," 3306, Named Pipe", MySQL
Time                 Id Command    Argument
2024-04-12T17,50,13.799052Z	    0 Execute	CREATE TABLE performance_schema.innodb_redo_log_files(
"`FILE_ID` BIGINT NOT NULL COMMENT 'Id of the file.',"
"`FILE_NAME` VARCHAR(2000) NOT NULL COMMENT 'Path to the file.',"
"`START_LSN` BIGINT NOT NULL COMMENT 'LSN of the first block in the file.',"
"`END_LSN` BIGINT NOT NULL COMMENT 'LSN after the last block in the file.',"
"`SIZE_IN_BYTES` BIGINT NOT NULL COMMENT 'Size of the file (in bytes).',"
"`IS_FULL` TINYINT NOT NULL COMMENT '1 iff file has no free space inside.',"
"`CONSUMER_LEVEL` INT NOT NULL COMMENT 'All redo log consumers registered on smaller levels than this value, have already consumed this file.'"
)engine = 'performance_schema'
2024-04-12T17,50,15.575583Z	    8 Connect	root@localhost on  using SSL/TLS
2024-04-12T17,50,"15.575920Z	    8 Query	SELECT @@max_allowed_packet, @@character_set_client,"
"@@character_set_connection, @@license, @@sql_mode, @@lower_case_table_names, @@autocommit"
2024-04-12T17,50,"15.576234Z	    8 Query	SELECT TIMEDIFF(NOW(), UTC_TIMESTAMP())"
2024-04-12T17,50,15.576473Z	    8 Query	SHOW COLLATION
2024-04-12T17,50,15.580412Z	    8 Query	SET NAMES utf8mb4
2024-04-12T17,50,15.580646Z	    8 Query	SET character_set_results=NULL
2024-04-12T17,50,15.580826Z	    8 Quit
2024-04-12T17,54,47.810860Z	    9 Connect	root@localhost on  using SSL/TLS
2024-04-12T17,54,47.811047Z	    9 Query	set autocommit=1
2024-04-12T17,54,47.811682Z	    9 Query	SELECT current_user()
2024-04-12T17,54,47.813217Z	    9 Query	SET CHARACTER SET utf8
2024-04-12T17,54,47.813566Z	    9 Query	SET NAMES utf8
2024-04-12T17,54,47.814531Z	    9 Query	SHOW SESSION VARIABLES LIKE 'sql_mode'
2024-04-12T17,54,47.825500Z	    9 Query	SELECT CONNECTION_ID()
2024-04-12T17,54,47.826064Z	    9 Query	show character set where charset = 'utf8mb4'
2024-04-12T17,54,47.827549Z	    9 Query	SET NAMES 'utf8mb4'
2024-04-12T17,54,47.828264Z	    9 Query	SHOW SESSION STATUS LIKE 'Ssl_cipher'
2024-04-12T17,54,47.831577Z	    9 Query	set autocommit=1
2024-04-12T17,54,47.837910Z	   10 Connect	root@localhost on  using SSL/TLS
2024-04-12T17,54,47.838083Z	   10 Query	set autocommit=1
2024-04-12T17,54,47.838223Z	   10 Query	SELECT current_user()
2024-04-12T17,54,47.838387Z	   10 Query	SET CHARACTER SET utf8
2024-04-12T17,54,47.838492Z	   10 Query	SET NAMES utf8
2024-04-12T17,54,47.838561Z	   10 Query	SET SQL_SAFE_UPDATES=1
2024-04-12T17,54,47.838637Z	   10 Query	SELECT CONNECTION_ID()
2024-04-12T17,54,47.838736Z	   10 Query	show character set where charset = 'utf8mb4'
2024-04-12T17,54,47.839214Z	   10 Query	SET NAMES 'utf8mb4'
2024-04-12T17,54,47.839310Z	   10 Query	SHOW SESSION STATUS LIKE 'Ssl_cipher'
2024-04-12T17,54,47.840008Z	   10 Query	set autocommit=1
2024-04-12T17,54,47.840103Z	   10 Query	SHOW SESSION VARIABLES LIKE 'sql_mode'
2024-04-12T17,54,47.841823Z	   10 Query	SHOW SESSION VARIABLES LIKE 'version_comment'
2024-04-12T17,54,47.842753Z	   10 Query	SHOW SESSION VARIABLES LIKE 'version'
2024-04-12T17,54,47.844384Z	   10 Query	SELECT current_user()
2024-04-12T17,54,47.844568Z	   10 Query	SHOW SESSION VARIABLES LIKE 'lower_case_table_names'
2024-04-12T17,54,48.279793Z	    9 Query	SHOW DATABASES
2024-04-12T17,54,48.281470Z	   10 Query	show engines
2024-04-12T17,54,48.282386Z	   10 Query	show charset
2024-04-12T17,54,48.282940Z	   10 Query	show collation
2024-04-12T17,54,48.284661Z	   10 Query	show variables
2024-04-12T17,54,48.286190Z	   10 Query	SHOW SESSION VARIABLES LIKE 'version_compile_os'
2024-04-12T17,54,48.287246Z	   10 Query	SHOW SESSION VARIABLES LIKE 'offline_mode'
2024-04-12T17,54,48.327136Z	   10 Query	SHOW SESSION VARIABLES LIKE 'wait_timeout'
2024-04-12T17,54,48.328530Z	   10 Query	SHOW SESSION VARIABLES LIKE 'interactive_timeout'
2024-04-12T17,54,53.448433Z	   10 Query	show databases
2024-04-12T17,54,53.455704Z	    9 Query	SELECT st.* FROM performance_schema.events_statements_current st JOIN performance_schema.threads thr ON thr.thread_id = st.thread_id WHERE thr.processlist_id = 10
2024-04-12T17,54,53.462652Z	    9 Query	SELECT st.* FROM performance_schema.events_stages_history_long st WHERE st.nesting_event_id = 28
2024-04-12T17,54,53.464286Z	    9 Query	SELECT st.* FROM performance_schema.events_waits_history_long st WHERE st.nesting_event_id = 28
2024-04-12T17,55,14.811152Z	   10 Query	use manvi
2024-04-12T17,55,14.811614Z	   10 Query	SELECT DATABASE()
2024-04-12T17,55,14.817254Z	   10 Query	show tables
2024-04-12T17,55,14.851502Z	    9 Query	SHOW FULL TABLES FROM `manvi`
2024-04-12T17,55,14.853047Z	    9 Query	SHOW PROCEDURE STATUS WHERE Db='manvi'
2024-04-12T17,55,14.856744Z	    9 Query	SHOW FUNCTION STATUS WHERE Db='manvi'
2024-04-12T17,55,14.858100Z	   10 Query	SHOW FULL COLUMNS FROM `manvi`.`customer`
2024-04-12T17,55,14.861936Z	   10 Query	SHOW FULL COLUMNS FROM `manvi`.`orderitem`
2024-04-12T17,55,14.863787Z	   10 Query	SHOW FULL COLUMNS FROM `manvi`.`orders`
2024-04-12T17,55,14.865567Z	   10 Query	SHOW FULL COLUMNS FROM `manvi`.`product`
2024-04-12T17,55,14.867272Z	   10 Query	SHOW FULL COLUMNS FROM `manvi`.`supplier`
2024-04-12T17,55,19.370197Z	   11 Connect	root@localhost on  using SSL/TLS
2024-04-12T17,55,19.370451Z	   11 Query	set autocommit=1
2024-04-12T17,55,19.370745Z	   11 Query	SELECT current_user()
2024-04-12T17,55,19.371005Z	   11 Query	show character set where charset = 'utf8mb4'
2024-04-12T17,55,19.371613Z	   11 Query	SET NAMES 'utf8mb4'
2024-04-12T17,55,19.373000Z	   11 Query	SHOW VARIABLES
2024-04-12T17,55,19.379525Z	   11 Query	SHOW GLOBAL STATUS
2024-04-12T17,55,19.385217Z	   11 Query	SHOW PLUGINS
2024-04-12T17,55,19.395014Z	   12 Connect	root@localhost on  using SSL/TLS
2024-04-12T17,55,19.395247Z	   12 Query	set autocommit=1
2024-04-12T17,55,19.395487Z	   12 Query	SELECT current_user()
2024-04-12T17,55,19.395754Z	   12 Query	show character set where charset = 'utf8mb4'
2024-04-12T17,55,19.396444Z	   12 Query	SET NAMES 'utf8mb4'
2024-04-12T17,55,22.405897Z	   12 Query	SHOW GLOBAL STATUS
2024-04-12T17,55,25.415976Z	   12 Query	SHOW GLOBAL STATUS
2024-04-12T17,55,28.420883Z	   12 Query	SHOW GLOBAL STATUS
2024-04-12T17,55,31.429317Z	   12 Query	SHOW GLOBAL STATUS
2024-04-12T17,55,32.763412Z	   11 Query	SHOW VARIABLES
2024-04-12T17,55,32.771909Z	   11 Query	SHOW GLOBAL STATUS
2024-04-12T17,55,32.777506Z	   11 Query	SHOW PLUGINS
2024-04-12T17,55,33.271891Z	   11 Query	SHOW SLAVE STATUS
2024-04-12T17,55,34.440782Z	   12 Query	SHOW GLOBAL STATUS
2024-04-12T18,00,08.301602Z	   12 Quit
2024-04-12T18,00,08.302666Z	   11 Quit
2024-04-12T18,00,08.318586Z	   10 Quit
2024-04-12T18,00,08.318763Z	    9 Quit
2024-04-12T18,09,55.312297Z	   13 Connect	root@localhost on  using SSL/TLS
2024-04-12T18,09,55.312525Z	   13 Query	set autocommit=1
2024-04-12T18,09,55.312747Z	   13 Query	SELECT current_user()
2024-04-12T18,09,55.312991Z	   13 Query	SET CHARACTER SET utf8
2024-04-12T18,09,55.313133Z	   13 Query	SET NAMES utf8
2024-04-12T18,09,55.313293Z	   13 Query	SHOW SESSION VARIABLES LIKE 'sql_mode'
2024-04-12T18,09,55.316246Z	   13 Query	SELECT CONNECTION_ID()
2024-04-12T18,09,55.316393Z	   13 Query	show character set where charset = 'utf8mb4'
2024-04-12T18,09,55.317092Z	   13 Query	SET NAMES 'utf8mb4'
2024-04-12T18,09,55.317357Z	   13 Query	SHOW SESSION STATUS LIKE 'Ssl_cipher'
2024-04-12T18,09,55.318490Z	   13 Query	set autocommit=1
2024-04-12T18,09,55.325255Z	   14 Connect	root@localhost on  using SSL/TLS
2024-04-12T18,09,55.325405Z	   14 Query	set autocommit=1
2024-04-12T18,09,55.325577Z	   14 Query	SELECT current_user()
2024-04-12T18,09,55.325776Z	   14 Query	SET CHARACTER SET utf8
2024-04-12T18,09,55.325904Z	   14 Query	SET NAMES utf8
2024-04-12T18,09,55.326000Z	   14 Query	SET SQL_SAFE_UPDATES=1
2024-04-12T18,09,55.326110Z	   14 Query	SELECT CONNECTION_ID()
2024-04-12T18,09,55.326270Z	   14 Query	show character set where charset = 'utf8mb4'
2024-04-12T18,09,55.327034Z	   14 Query	SET NAMES 'utf8mb4'
2024-04-12T18,09,55.327176Z	   14 Query	SHOW SESSION STATUS LIKE 'Ssl_cipher'
2024-04-12T18,09,55.328372Z	   14 Query	set autocommit=1
2024-04-12T18,09,55.328518Z	   14 Query	SHOW SESSION VARIABLES LIKE 'sql_mode'
2024-04-12T18,09,55.330867Z	   14 Query	SHOW SESSION VARIABLES LIKE 'version_comment'
2024-04-12T18,09,55.333057Z	   14 Query	SHOW SESSION VARIABLES LIKE 'version'
2024-04-12T18,09,55.335217Z	   14 Query	SELECT current_user()
2024-04-12T18,09,55.335391Z	   14 Query	SHOW SESSION VARIABLES LIKE 'lower_case_table_names'
2024-04-12T18,09,56.016864Z	   13 Query	SHOW DATABASES
2024-04-12T18,09,56.017018Z	   14 Query	show engines
2024-04-12T18,09,56.017475Z	   14 Query	show charset
2024-04-12T18,09,56.018169Z	   14 Query	show collation
2024-04-12T18,09,56.020849Z	   14 Query	show variables
2024-04-12T18,09,56.023133Z	   14 Query	SHOW SESSION VARIABLES LIKE 'version_compile_os'
2024-04-12T18,09,56.024719Z	   14 Query	SHOW SESSION VARIABLES LIKE 'offline_mode'
2024-04-12T18,09,56.049696Z	   14 Query	SHOW SESSION VARIABLES LIKE 'wait_timeout'
2024-04-12T18,09,56.051365Z	   14 Query	SHOW SESSION VARIABLES LIKE 'interactive_timeout'
2024-04-12T18,09,56.721328Z	   13 Query	SHOW FULL TABLES FROM `manvi`
2024-04-12T18,09,56.723696Z	   13 Query	SHOW PROCEDURE STATUS WHERE Db='manvi'
2024-04-12T18,09,56.725563Z	   13 Query	SHOW FUNCTION STATUS WHERE Db='manvi'
2024-04-12T18,09,56.726785Z	   14 Query	SHOW FULL COLUMNS FROM `manvi`.`customer`
2024-04-12T18,09,56.728544Z	   14 Query	SHOW FULL COLUMNS FROM `manvi`.`orderitem`
2024-04-12T18,09,56.729624Z	   14 Query	SHOW FULL COLUMNS FROM `manvi`.`orders`
2024-04-12T18,09,56.730949Z	   14 Query	SHOW FULL COLUMNS FROM `manvi`.`product`
2024-04-12T18,09,56.732362Z	   14 Query	SHOW FULL COLUMNS FROM `manvi`.`supplier`
2024-04-12T18,10,31.266648Z	   14 Query	show databases
2024-04-12T18,10,31.274662Z	   13 Query	SELECT st.* FROM performance_schema.events_statements_current st JOIN performance_schema.threads thr ON thr.thread_id = st.thread_id WHERE thr.processlist_id = 14
2024-04-12T18,10,31.275913Z	   13 Query	SELECT st.* FROM performance_schema.events_stages_history_long st WHERE st.nesting_event_id = 41
2024-04-12T18,10,31.276402Z	   13 Query	SELECT st.* FROM performance_schema.events_waits_history_long st WHERE st.nesting_event_id = 41
2024-04-12T18,10,47.201600Z	   14 Query	show databases
2024-04-12T18,10,47.218232Z	   14 Query	use manvi
2024-04-12T18,10,47.218673Z	   14 Query	SELECT DATABASE()
2024-04-12T18,10,47.220703Z	   14 Query	show tables
2024-04-12T18,11,04.612458Z	   14 Query	select * from customer
"LIMIT 0, 1000"
2024-04-12T18,11,04.641010Z	   13 Query	SELECT st.* FROM performance_schema.events_statements_current st JOIN performance_schema.threads thr ON thr.thread_id = st.thread_id WHERE thr.processlist_id = 14
2024-04-12T18,11,04.643071Z	   13 Query	SELECT st.* FROM performance_schema.events_stages_history_long st WHERE st.nesting_event_id = 51
2024-04-12T18,11,04.643907Z	   13 Query	SELECT st.* FROM performance_schema.events_waits_history_long st WHERE st.nesting_event_id = 51
2024-04-12T18,11,04.646233Z	   13 Query	SHOW INDEX FROM `manvi`.`customer`
2024-04-12T18,15,59.282747Z	   15 Connect	root@localhost on  using SSL/TLS
2024-04-12T18,15,59.283016Z	   15 Query	set autocommit=1
2024-04-12T18,15,59.283306Z	   15 Query	SELECT current_user()
2024-04-12T18,15,59.283639Z	   15 Query	show character set where charset = 'utf8mb4'
2024-04-12T18,15,59.284454Z	   15 Query	SET NAMES 'utf8mb4'
2024-04-12T18,15,59.285597Z	   15 Query	SHOW VARIABLES
2024-04-12T18,15,59.293528Z	   15 Query	SHOW GLOBAL STATUS
2024-04-12T18,15,59.299624Z	   15 Query	SHOW PLUGINS
2024-04-12T18,15,59.314596Z	   16 Connect	root@localhost on  using SSL/TLS
2024-04-12T18,15,59.314847Z	   16 Query	set autocommit=1
2024-04-12T18,15,59.315171Z	   16 Query	SELECT current_user()
2024-04-12T18,15,59.315494Z	   16 Query	show character set where charset = 'utf8mb4'
2024-04-12T18,15,59.316565Z	   16 Query	SET NAMES 'utf8mb4'
2024-04-12T18,16,02.331048Z	   16 Query	SHOW GLOBAL STATUS
2024-04-12T18,16,05.343904Z	   16 Query	SHOW GLOBAL STATUS
2024-04-12T18,16,08.357907Z	   16 Query	SHOW GLOBAL STATUS
2024-04-12T18,16,11.371924Z	   16 Query	SHOW GLOBAL STATUS
2024-04-12T18,16,14.385520Z	   16 Query	SHOW GLOBAL STATUS
2024-04-12T18,16,17.398199Z	   16 Query	SHOW GLOBAL STATUS
2024-04-12T18,16,18.257413Z	   15 Query	select @@performance_schema
2024-04-12T18,16,18.268512Z	   15 Query	SELECT COUNT(*) FROM performance_schema.threads
2024-04-12T18,16,18.550780Z	   15 Query	SHOW GLOBAL STATUS
2024-04-12T18,16,"18.603958Z	   15 Query	SELECT t.PROCESSLIST_ID,IF (NAME = 'thread/sql/event_scheduler','event_scheduler',t.PROCESSLIST_USER) PROCESSLIST_USER,t.PROCESSLIST_HOST,t.PROCESSLIST_DB,t.PROCESSLIST_COMMAND,t.PROCESSLIST_TIME,t.PROCESSLIST_STATE,t.THREAD_ID,t.TYPE,t.NAME,t.PARENT_THREAD_ID,t.INSTRUMENTED,t.PROCESSLIST_INFO,a.ATTR_VALUE FROM performance_schema.threads t  LEFT OUTER JOIN performance_schema.session_connect_attrs a ON t.processlist_id = a.processlist_id AND (a.attr_name IS NULL OR a.attr_name = 'program_name') WHERE t.TYPE <> 'BACKGROUND'"
2024-04-12T18,16,18.646903Z	   15 Query	SELECT COUNT(*) FROM performance_schema.threads
2024-04-12T18,16,19.628770Z	   15 Query	SHOW VARIABLES
2024-04-12T18,16,19.636500Z	   15 Query	SHOW GLOBAL STATUS
2024-04-12T18,16,19.642007Z	   15 Query	SHOW PLUGINS
2024-04-12T18,16,20.137108Z	   15 Query	SHOW SLAVE STATUS
2024-04-12T18,16,20.194472Z	   15 Query	SELECT COUNT(*) FROM performance_schema.threads
2024-04-12T18,16,20.204325Z	   15 Query	SELECT COUNT(*) FROM performance_schema.threads
2024-04-12T18,16,20.411218Z	   16 Query	SHOW GLOBAL STATUS
2024-04-12T18,16,23.054784Z	   15 Query	select @@performance_schema
2024-04-12T18,16,23.055293Z	   15 Query	select * from performance_schema.persisted_variables
2024-04-12T18,16,23.092238Z	   15 Query	SHOW GLOBAL STATUS
2024-04-12T18,16,23.145236Z	   15 Query	SHOW GLOBAL VARIABLES
2024-04-12T18,16,23.153546Z	   15 Query	select @@performance_schema
2024-04-12T18,16,23.153996Z	   15 Query	select * from performance_schema.persisted_variables
2024-04-12T18,16,23.424199Z	   16 Query	SHOW GLOBAL STATUS
2024-04-12T18,16,25.241814Z	   15 Query	SHOW VARIABLES
2024-04-12T18,16,25.249897Z	   15 Query	SHOW GLOBAL STATUS
2024-04-12T18,16,25.255594Z	   15 Query	SHOW PLUGINS
2024-04-12T18,16,25.278890Z	   15 Query	SHOW VARIABLES
2024-04-12T18,16,25.286807Z	   15 Query	SHOW GLOBAL STATUS
2024-04-12T18,16,25.298301Z	   15 Query	SHOW PLUGINS
2024-04-12T18,16,26.433646Z	   16 Query	SHOW GLOBAL STATUS
2024-04-12T18,16,29.445901Z	   16 Query	SHOW GLOBAL STATUS
2024-04-12T18,16,32.459495Z	   16 Query	SHOW GLOBAL STATUS
2024-04-12T18,16,35.472760Z	   16 Query	SHOW GLOBAL STATUS
2024-04-12T18,16,38.485619Z	   16 Query	SHOW GLOBAL STATUS
2024-04-12T18,16,41.498825Z	   16 Query	SHOW GLOBAL STATUS
2024-04-12T18,16,44.512025Z	   16 Query	SHOW GLOBAL STATUS
2024-04-12T18,16,47.524096Z	   16 Query	SHOW GLOBAL STATUS
2024-04-12T18,16,50.536491Z	   16 Query	SHOW GLOBAL STATUS
2024-04-12T18,16,53.548905Z	   16 Query	SHOW GLOBAL STATUS
2024-04-12T18,16,56.562005Z	   16 Query	SHOW GLOBAL STATUS
2024-04-12T18,16,59.575530Z	   16 Query	SHOW GLOBAL STATUS
2024-04-12T18,17,02.588457Z	   16 Query	SHOW GLOBAL STATUS
2024-04-12T18,17,05.601054Z	   16 Query	SHOW GLOBAL STATUS
2024-04-12T18,17,08.614088Z	   16 Query	SHOW GLOBAL STATUS
2024-04-12T18,17,11.627516Z	   16 Query	SHOW GLOBAL STATUS
2024-04-12T18,17,14.640530Z	   16 Query	SHOW GLOBAL STATUS
2024-04-12T18,17,17.653503Z	   16 Query	SHOW GLOBAL STATUS
2024-04-12T18,17,20.665590Z	   16 Query	SHOW GLOBAL STATUS
2024-04-12T18,17,23.678673Z	   16 Query	SHOW GLOBAL STATUS
2024-04-12T18,17,26.691076Z	   16 Query	SHOW GLOBAL STATUS
2024-04-12T18,17,29.703967Z	   16 Query	SHOW GLOBAL STATUS
2024-04-12T18,17,32.716922Z	   16 Query	SHOW GLOBAL STATUS
2024-04-12T18,17,35.730531Z	   16 Query	SHOW GLOBAL STATUS
2024-04-12T18,17,38.743575Z	   16 Query	SHOW GLOBAL STATUS
2024-04-12T18,17,41.755647Z	   16 Query	SHOW GLOBAL STATUS
2024-04-12T18,17,44.768965Z	   16 Query	SHOW GLOBAL STATUS
2024-04-12T18,17,47.782390Z	   16 Query	SHOW GLOBAL STATUS
2024-04-12T18,17,50.795500Z	   16 Query	SHOW GLOBAL STATUS
2024-04-12T18,17,53.808598Z	   16 Query	SHOW GLOBAL STATUS
2024-04-12T18,17,56.821519Z	   16 Query	SHOW GLOBAL STATUS
2024-04-12T18,17,59.833913Z	   16 Query	SHOW GLOBAL STATUS
2024-04-12T18,18,02.846517Z	   16 Query	SHOW GLOBAL STATUS
2024-04-12T18,18,05.859751Z	   16 Quit
2024-04-12T18,18,05.860871Z	   15 Quit
2024-04-12T18,18,05.905502Z	   14 Quit
2024-04-12T18,18,05.905639Z	   13 Quit
2024-04-13T14,58,16.490466Z	   17 Connect	root@localhost on  using SSL/TLS
2024-04-13T14,58,16.491291Z	   17 Query	set autocommit=1
2024-04-13T14,58,16.491916Z	   17 Query	SELECT current_user()
2024-04-13T14,58,16.493559Z	   17 Query	SET CHARACTER SET utf8
2024-04-13T14,58,16.493780Z	   17 Query	SET NAMES utf8
2024-04-13T14,58,16.494335Z	   17 Query	SHOW SESSION VARIABLES LIKE 'sql_mode'
2024-04-13T14,58,16.499226Z	   17 Query	SELECT CONNECTION_ID()
2024-04-13T14,58,16.499642Z	   17 Query	show character set where charset = 'utf8mb4'
2024-04-13T14,58,16.501247Z	   17 Query	SET NAMES 'utf8mb4'
2024-04-13T14,58,16.502004Z	   17 Query	SHOW SESSION STATUS LIKE 'Ssl_cipher'
2024-04-13T14,58,16.503214Z	   17 Query	set autocommit=1
2024-04-13T14,58,16.510614Z	   18 Connect	root@localhost on  using SSL/TLS
2024-04-13T14,58,16.510877Z	   18 Query	set autocommit=1
2024-04-13T14,58,16.511461Z	   18 Query	SELECT current_user()
2024-04-13T14,58,16.511849Z	   18 Query	SET CHARACTER SET utf8
2024-04-13T14,58,16.512022Z	   18 Query	SET NAMES utf8
2024-04-13T14,58,16.512135Z	   18 Query	SET SQL_SAFE_UPDATES=1
2024-04-13T14,58,16.512257Z	   18 Query	SELECT CONNECTION_ID()
2024-04-13T14,58,16.512466Z	   18 Query	show character set where charset = 'utf8mb4'
2024-04-13T14,58,16.513682Z	   18 Query	SET NAMES 'utf8mb4'
2024-04-13T14,58,16.514198Z	   18 Query	SHOW SESSION STATUS LIKE 'Ssl_cipher'
2024-04-13T14,58,16.516604Z	   18 Query	set autocommit=1
2024-04-13T14,58,16.516866Z	   18 Query	SHOW SESSION VARIABLES LIKE 'sql_mode'
2024-04-13T14,58,16.520286Z	   18 Query	SHOW SESSION VARIABLES LIKE 'version_comment'
2024-04-13T14,58,16.522820Z	   18 Query	SHOW SESSION VARIABLES LIKE 'version'
2024-04-13T14,58,16.525986Z	   18 Query	SELECT current_user()
2024-04-13T14,58,16.526377Z	   18 Query	SHOW SESSION VARIABLES LIKE 'lower_case_table_names'
2024-04-13T14,58,17.287133Z	   17 Query	SHOW DATABASES
2024-04-13T14,58,17.288255Z	   18 Query	show engines
2024-04-13T14,58,17.288594Z	   18 Query	show charset
2024-04-13T14,58,17.289036Z	   18 Query	show collation
2024-04-13T14,58,17.291153Z	   18 Query	show variables
2024-04-13T14,58,17.292996Z	   18 Query	SHOW SESSION VARIABLES LIKE 'version_compile_os'
2024-04-13T14,58,17.294281Z	   18 Query	SHOW SESSION VARIABLES LIKE 'offline_mode'
2024-04-13T14,58,17.313998Z	   18 Query	SHOW SESSION VARIABLES LIKE 'wait_timeout'
2024-04-13T14,58,17.315922Z	   18 Query	SHOW SESSION VARIABLES LIKE 'interactive_timeout'
2024-04-13T14,58,18.111608Z	   17 Query	SHOW FULL TABLES FROM `manvi`
2024-04-13T14,58,18.113944Z	   17 Query	SHOW PROCEDURE STATUS WHERE Db='manvi'
2024-04-13T14,58,18.115779Z	   17 Query	SHOW FUNCTION STATUS WHERE Db='manvi'
2024-04-13T14,58,18.117602Z	   18 Query	SHOW FULL COLUMNS FROM `manvi`.`customer`
2024-04-13T14,58,18.120637Z	   18 Query	SHOW FULL COLUMNS FROM `manvi`.`orderitem`
2024-04-13T14,58,18.122249Z	   18 Query	SHOW FULL COLUMNS FROM `manvi`.`orders`
2024-04-13T14,58,18.123640Z	   18 Query	SHOW FULL COLUMNS FROM `manvi`.`product`
2024-04-13T14,58,18.125081Z	   18 Query	SHOW FULL COLUMNS FROM `manvi`.`supplier`
2024-04-13T14,58,36.118555Z	   18 Query	create database hr
2024-04-13T15,01,16.199103Z	   18 Query	use hr
2024-04-13T15,01,16.199965Z	   18 Query	SELECT DATABASE()
2024-04-13T15,01,16.201454Z	   18 Query	CREATE TABLE regions (
"region_id INT (11) AUTO_INCREMENT PRIMARY KEY,"
region_name VARCHAR (25) DEFAULT NULL
)
2024-04-13T15,01,16.227179Z	   18 Query	SHOW WARNINGS
2024-04-13T15,01,16.229108Z	   18 Query	CREATE TABLE countries (
"country_id CHAR (2) PRIMARY KEY,"
"country_name VARCHAR (40) DEFAULT NULL,"
"region_id INT (11) NOT NULL,"
FOREIGN KEY (region_id) REFERENCES regions (region_id) ON DELETE CASCADE ON UPDATE CASCADE
)
2024-04-13T15,01,16.298807Z	   18 Query	SHOW WARNINGS
2024-04-13T15,01,16.300564Z	   18 Query	CREATE TABLE locations (
"location_id INT (11) AUTO_INCREMENT PRIMARY KEY,"
"street_address VARCHAR (40) DEFAULT NULL,"
"postal_code VARCHAR (12) DEFAULT NULL,"
"city VARCHAR (30) NOT NULL,"
"state_province VARCHAR (25) DEFAULT NULL,"
"country_id CHAR (2) NOT NULL,"
FOREIGN KEY (country_id) REFERENCES countries (country_id) ON DELETE CASCADE ON UPDATE CASCADE
)
2024-04-13T15,01,16.349826Z	   18 Query	SHOW WARNINGS
2024-04-13T15,01,16.351803Z	   18 Query	CREATE TABLE jobs (
"job_id INT (11) AUTO_INCREMENT PRIMARY KEY,"
"job_title VARCHAR (35) NOT NULL,"
"min_salary DECIMAL (8, 2) DEFAULT NULL,"
"max_salary DECIMAL (8, 2) DEFAULT NULL"
)
2024-04-13T15,01,16.369891Z	   18 Query	SHOW WARNINGS
2024-04-13T15,01,16.371731Z	   18 Query	CREATE TABLE departments (
"department_id INT (11) AUTO_INCREMENT PRIMARY KEY,"
"department_name VARCHAR (30) NOT NULL,"
"location_id INT (11) DEFAULT NULL,"
FOREIGN KEY (location_id) REFERENCES locations (location_id) ON DELETE CASCADE ON UPDATE CASCADE
)
2024-04-13T15,01,16.403223Z	   18 Query	SHOW WARNINGS
2024-04-13T15,01,16.405378Z	   18 Query	CREATE TABLE employees (
"employee_id INT (11) AUTO_INCREMENT PRIMARY KEY,"
"first_name VARCHAR (20) DEFAULT NULL,"
"last_name VARCHAR (25) NOT NULL,"
"email VARCHAR (100) NOT NULL,"
"phone_number VARCHAR (20) DEFAULT NULL,"
"hire_date DATE NOT NULL,"
"job_id INT (11) NOT NULL,"
"salary DECIMAL (8, 2) NOT NULL,"
"manager_id INT (11) DEFAULT NULL,"
"department_id INT (11) DEFAULT NULL,"
"FOREIGN KEY (job_id) REFERENCES jobs (job_id) ON DELETE CASCADE ON UPDATE CASCADE,"
"FOREIGN KEY (department_id) REFERENCES departments (department_id) ON DELETE CASCADE ON UPDATE CASCADE,"
FOREIGN KEY (manager_id) REFERENCES employees (employee_id)
)
2024-04-13T15,01,16.486386Z	   18 Query	SHOW WARNINGS
2024-04-13T15,01,16.488493Z	   18 Query	CREATE TABLE dependents (
"dependent_id INT (11) AUTO_INCREMENT PRIMARY KEY,"
"first_name VARCHAR (50) NOT NULL,"
"last_name VARCHAR (50) NOT NULL,"
"relationship VARCHAR (25) NOT NULL,"
"employee_id INT (11) NOT NULL,"
FOREIGN KEY (employee_id) REFERENCES employees (employee_id) ON DELETE CASCADE ON UPDATE CASCADE
)
2024-04-13T15,01,16.540094Z	   18 Query	SHOW WARNINGS
2024-04-13T15,02,"45.266529Z	   18 Query	INSERT INTO regions(region_id,region_name) VALUES (1,'Europe')"
2024-04-13T15,02,"45.275817Z	   18 Query	INSERT INTO regions(region_id,region_name) VALUES (2,'Americas')"
2024-04-13T15,02,"45.279110Z	   18 Query	INSERT INTO regions(region_id,region_name) VALUES (3,'Asia')"
2024-04-13T15,02,"45.287090Z	   18 Query	INSERT INTO regions(region_id,region_name) VALUES (4,'Middle East and Africa')"
2024-04-13T15,02,"45.290934Z	   18 Query	INSERT INTO countries(country_id,country_name,region_id) VALUES ('AR','Argentina',2)"
2024-04-13T15,02,"45.299061Z	   18 Query	INSERT INTO countries(country_id,country_name,region_id) VALUES ('AU','Australia',3)"
2024-04-13T15,02,"45.305904Z	   18 Query	INSERT INTO countries(country_id,country_name,region_id) VALUES ('BE','Belgium',1)"
2024-04-13T15,02,"45.309112Z	   18 Query	INSERT INTO countries(country_id,country_name,region_id) VALUES ('BR','Brazil',2)"
2024-04-13T15,02,"45.312697Z	   18 Query	INSERT INTO countries(country_id,country_name,region_id) VALUES ('CA','Canada',2)"
2024-04-13T15,02,"45.315896Z	   18 Query	INSERT INTO countries(country_id,country_name,region_id) VALUES ('CH','Switzerland',1)"
2024-04-13T15,02,"45.319314Z	   18 Query	INSERT INTO countries(country_id,country_name,region_id) VALUES ('CN','China',3)"
2024-04-13T15,02,"45.323150Z	   18 Query	INSERT INTO countries(country_id,country_name,region_id) VALUES ('DE','Germany',1)"
2024-04-13T15,02,"45.326835Z	   18 Query	INSERT INTO countries(country_id,country_name,region_id) VALUES ('DK','Denmark',1)"
2024-04-13T15,02,"45.331372Z	   18 Query	INSERT INTO countries(country_id,country_name,region_id) VALUES ('EG','Egypt',4)"
2024-04-13T15,02,"45.334997Z	   18 Query	INSERT INTO countries(country_id,country_name,region_id) VALUES ('FR','France',1)"
2024-04-13T15,02,"45.338447Z	   18 Query	INSERT INTO countries(country_id,country_name,region_id) VALUES ('HK','HongKong',3)"
2024-04-13T15,02,"45.342478Z	   18 Query	INSERT INTO countries(country_id,country_name,region_id) VALUES ('IL','Israel',4)"
2024-04-13T15,02,"45.352011Z	   18 Query	INSERT INTO countries(country_id,country_name,region_id) VALUES ('IN','India',3)"
2024-04-13T15,02,"45.358757Z	   18 Query	INSERT INTO countries(country_id,country_name,region_id) VALUES ('IT','Italy',1)"
2024-04-13T15,02,"45.365207Z	   18 Query	INSERT INTO countries(country_id,country_name,region_id) VALUES ('JP','Japan',3)"
2024-04-13T15,02,"45.369101Z	   18 Query	INSERT INTO countries(country_id,country_name,region_id) VALUES ('KW','Kuwait',4)"
2024-04-13T15,02,"45.372379Z	   18 Query	INSERT INTO countries(country_id,country_name,region_id) VALUES ('MX','Mexico',2)"
2024-04-13T15,02,"45.376119Z	   18 Query	INSERT INTO countries(country_id,country_name,region_id) VALUES ('NG','Nigeria',4)"
2024-04-13T15,02,"45.379601Z	   18 Query	INSERT INTO countries(country_id,country_name,region_id) VALUES ('NL','Netherlands',1)"
2024-04-13T15,02,"45.382955Z	   18 Query	INSERT INTO countries(country_id,country_name,region_id) VALUES ('SG','Singapore',3)"
2024-04-13T15,02,"45.386978Z	   18 Query	INSERT INTO countries(country_id,country_name,region_id) VALUES ('UK','United Kingdom',1)"
2024-04-13T15,02,"45.390500Z	   18 Query	INSERT INTO countries(country_id,country_name,region_id) VALUES ('US','United States of America',2)"
2024-04-13T15,02,"45.394269Z	   18 Query	INSERT INTO countries(country_id,country_name,region_id) VALUES ('ZM','Zambia',4)"
2024-04-13T15,02,"45.397743Z	   18 Query	INSERT INTO countries(country_id,country_name,region_id) VALUES ('ZW','Zimbabwe',4)"
2024-04-13T15,02,"45.401310Z	   18 Query	INSERT INTO locations(location_id,street_address,postal_code,city,state_province,country_id) VALUES (1400,'2014 Jabberwocky Rd','26192','Southlake','Texas','US')"
2024-04-13T15,02,"45.406314Z	   18 Query	INSERT INTO locations(location_id,street_address,postal_code,city,state_province,country_id) VALUES (1500,'2011 Interiors Blvd','99236','South San Francisco','California','US')"
2024-04-13T15,02,"45.409747Z	   18 Query	INSERT INTO locations(location_id,street_address,postal_code,city,state_province,country_id) VALUES (1700,'2004 Charade Rd','98199','Seattle','Washington','US')"
2024-04-13T15,02,"45.412931Z	   18 Query	INSERT INTO locations(location_id,street_address,postal_code,city,state_province,country_id) VALUES (1800,'147 Spadina Ave','M5V 2L7','Toronto','Ontario','CA')"
2024-04-13T15,02,"45.416573Z	   18 Query	INSERT INTO locations(location_id,street_address,postal_code,city,state_province,country_id) VALUES (2400,'8204 Arthur St',NULL,'London',NULL,'UK')"
2024-04-13T15,02,"45.420055Z	   18 Query	INSERT INTO locations(location_id,street_address,postal_code,city,state_province,country_id) VALUES (2500,'Magdalen Centre, The Oxford Science Park','OX9 9ZB','Oxford','Oxford','UK')"
2024-04-13T15,02,"45.423314Z	   18 Query	INSERT INTO locations(location_id,street_address,postal_code,city,state_province,country_id) VALUES (2700,'Schwanthalerstr. 7031','80925','Munich','Bavaria','DE')"
2024-04-13T15,02,"45.426795Z	   18 Query	INSERT INTO jobs(job_id,job_title,min_salary,max_salary) VALUES (1,'Public Accountant',4200.00,9000.00)"
2024-04-13T15,02,"45.431300Z	   18 Query	INSERT INTO jobs(job_id,job_title,min_salary,max_salary) VALUES (2,'Accounting Manager',8200.00,16000.00)"
2024-04-13T15,02,"45.434632Z	   18 Query	INSERT INTO jobs(job_id,job_title,min_salary,max_salary) VALUES (3,'Administration Assistant',3000.00,6000.00)"
2024-04-13T15,02,"45.437889Z	   18 Query	INSERT INTO jobs(job_id,job_title,min_salary,max_salary) VALUES (4,'President',20000.00,40000.00)"
2024-04-13T15,02,"45.441184Z	   18 Query	INSERT INTO jobs(job_id,job_title,min_salary,max_salary) VALUES (5,'Administration Vice President',15000.00,30000.00)"
2024-04-13T15,02,"45.443879Z	   18 Query	INSERT INTO jobs(job_id,job_title,min_salary,max_salary) VALUES (6,'Accountant',4200.00,9000.00)"
2024-04-13T15,02,"45.447127Z	   18 Query	INSERT INTO jobs(job_id,job_title,min_salary,max_salary) VALUES (7,'Finance Manager',8200.00,16000.00)"
2024-04-13T15,02,"45.450375Z	   18 Query	INSERT INTO jobs(job_id,job_title,min_salary,max_salary) VALUES (8,'Human Resources Representative',4000.00,9000.00)"
2024-04-13T15,02,"45.453746Z	   18 Query	INSERT INTO jobs(job_id,job_title,min_salary,max_salary) VALUES (9,'Programmer',4000.00,10000.00)"
2024-04-13T15,02,"45.456948Z	   18 Query	INSERT INTO jobs(job_id,job_title,min_salary,max_salary) VALUES (10,'Marketing Manager',9000.00,15000.00)"
2024-04-13T15,02,"45.460559Z	   18 Query	INSERT INTO jobs(job_id,job_title,min_salary,max_salary) VALUES (11,'Marketing Representative',4000.00,9000.00)"
2024-04-13T15,02,"45.463913Z	   18 Query	INSERT INTO jobs(job_id,job_title,min_salary,max_salary) VALUES (12,'Public Relations Representative',4500.00,10500.00)"
2024-04-13T15,02,"45.467304Z	   18 Query	INSERT INTO jobs(job_id,job_title,min_salary,max_salary) VALUES (13,'Purchasing Clerk',2500.00,5500.00)"
2024-04-13T15,02,"45.471003Z	   18 Query	INSERT INTO jobs(job_id,job_title,min_salary,max_salary) VALUES (14,'Purchasing Manager',8000.00,15000.00)"
2024-04-13T15,02,"45.474283Z	   18 Query	INSERT INTO jobs(job_id,job_title,min_salary,max_salary) VALUES (15,'Sales Manager',10000.00,20000.00)"
2024-04-13T15,02,"45.477824Z	   18 Query	INSERT INTO jobs(job_id,job_title,min_salary,max_salary) VALUES (16,'Sales Representative',6000.00,12000.00)"
2024-04-13T15,02,"45.481026Z	   18 Query	INSERT INTO jobs(job_id,job_title,min_salary,max_salary) VALUES (17,'Shipping Clerk',2500.00,5500.00)"
2024-04-13T15,02,"45.484349Z	   18 Query	INSERT INTO jobs(job_id,job_title,min_salary,max_salary) VALUES (18,'Stock Clerk',2000.00,5000.00)"
2024-04-13T15,02,"45.487607Z	   18 Query	INSERT INTO jobs(job_id,job_title,min_salary,max_salary) VALUES (19,'Stock Manager',5500.00,8500.00)"
2024-04-13T15,02,"45.490872Z	   18 Query	INSERT INTO departments(department_id,department_name,location_id) VALUES (1,'Administration',1700)"
2024-04-13T15,02,"45.495607Z	   18 Query	INSERT INTO departments(department_id,department_name,location_id) VALUES (2,'Marketing',1800)"
2024-04-13T15,02,"45.499042Z	   18 Query	INSERT INTO departments(department_id,department_name,location_id) VALUES (3,'Purchasing',1700)"
2024-04-13T15,02,"45.502793Z	   18 Query	INSERT INTO departments(department_id,department_name,location_id) VALUES (4,'Human Resources',2400)"
2024-04-13T15,02,"45.506122Z	   18 Query	INSERT INTO departments(department_id,department_name,location_id) VALUES (5,'Shipping',1500)"
2024-04-13T15,02,"45.509558Z	   18 Query	INSERT INTO departments(department_id,department_name,location_id) VALUES (6,'IT',1400)"
2024-04-13T15,02,"45.513143Z	   18 Query	INSERT INTO departments(department_id,department_name,location_id) VALUES (7,'Public Relations',2700)"
2024-04-13T15,02,"45.516313Z	   18 Query	INSERT INTO departments(department_id,department_name,location_id) VALUES (8,'Sales',2500)"
2024-04-13T15,02,"45.519781Z	   18 Query	INSERT INTO departments(department_id,department_name,location_id) VALUES (9,'Executive',1700)"
2024-04-13T15,02,"45.523353Z	   18 Query	INSERT INTO departments(department_id,department_name,location_id) VALUES (10,'Finance',1700)"
2024-04-13T15,02,"45.526713Z	   18 Query	INSERT INTO departments(department_id,department_name,location_id) VALUES (11,'Accounting',1700)"
2024-04-13T15,02,"45.530137Z	   18 Query	INSERT INTO employees(employee_id,first_name,last_name,email,phone_number,hire_date,job_id,salary,manager_id,department_id) VALUES (100,'Steven','King','steven.king@sqltutorial.org','515.123.4567','1987-06-17',4,24000.00,NULL,9)"
2024-04-13T15,02,"45.535843Z	   18 Query	INSERT INTO employees(employee_id,first_name,last_name,email,phone_number,hire_date,job_id,salary,manager_id,department_id) VALUES (101,'Neena','Kochhar','neena.kochhar@sqltutorial.org','515.123.4568','1989-09-21',5,17000.00,100,9)"
2024-04-13T15,02,"45.539265Z	   18 Query	INSERT INTO employees(employee_id,first_name,last_name,email,phone_number,hire_date,job_id,salary,manager_id,department_id) VALUES (102,'Lex','De Haan','lex.de haan@sqltutorial.org','515.123.4569','1993-01-13',5,17000.00,100,9)"
2024-04-13T15,02,"45.543292Z	   18 Query	INSERT INTO employees(employee_id,first_name,last_name,email,phone_number,hire_date,job_id,salary,manager_id,department_id) VALUES (103,'Alexander','Hunold','alexander.hunold@sqltutorial.org','590.423.4567','1990-01-03',9,9000.00,102,6)"
2024-04-13T15,02,"45.546380Z	   18 Query	INSERT INTO employees(employee_id,first_name,last_name,email,phone_number,hire_date,job_id,salary,manager_id,department_id) VALUES (104,'Bruce','Ernst','bruce.ernst@sqltutorial.org','590.423.4568','1991-05-21',9,6000.00,103,6)"
2024-04-13T15,02,"45.550965Z	   18 Query	INSERT INTO employees(employee_id,first_name,last_name,email,phone_number,hire_date,job_id,salary,manager_id,department_id) VALUES (105,'David','Austin','david.austin@sqltutorial.org','590.423.4569','1997-06-25',9,4800.00,103,6)"
2024-04-13T15,02,"45.554212Z	   18 Query	INSERT INTO employees(employee_id,first_name,last_name,email,phone_number,hire_date,job_id,salary,manager_id,department_id) VALUES (106,'Valli','Pataballa','valli.pataballa@sqltutorial.org','590.423.4560','1998-02-05',9,4800.00,103,6)"
2024-04-13T15,02,"45.558093Z	   18 Query	INSERT INTO employees(employee_id,first_name,last_name,email,phone_number,hire_date,job_id,salary,manager_id,department_id) VALUES (107,'Diana','Lorentz','diana.lorentz@sqltutorial.org','590.423.5567','1999-02-07',9,4200.00,103,6)"
2024-04-13T15,02,"45.561479Z	   18 Query	INSERT INTO employees(employee_id,first_name,last_name,email,phone_number,hire_date,job_id,salary,manager_id,department_id) VALUES (108,'Nancy','Greenberg','nancy.greenberg@sqltutorial.org','515.124.4569','1994-08-17',7,12000.00,101,10)"
2024-04-13T15,02,"45.564816Z	   18 Query	INSERT INTO employees(employee_id,first_name,last_name,email,phone_number,hire_date,job_id,salary,manager_id,department_id) VALUES (109,'Daniel','Faviet','daniel.faviet@sqltutorial.org','515.124.4169','1994-08-16',6,9000.00,108,10)"
2024-04-13T15,02,"45.568476Z	   18 Query	INSERT INTO employees(employee_id,first_name,last_name,email,phone_number,hire_date,job_id,salary,manager_id,department_id) VALUES (110,'John','Chen','john.chen@sqltutorial.org','515.124.4269','1997-09-28',6,8200.00,108,10)"
2024-04-13T15,02,"45.572034Z	   18 Query	INSERT INTO employees(employee_id,first_name,last_name,email,phone_number,hire_date,job_id,salary,manager_id,department_id) VALUES (111,'Ismael','Sciarra','ismael.sciarra@sqltutorial.org','515.124.4369','1997-09-30',6,7700.00,108,10)"
2024-04-13T15,02,"45.575766Z	   18 Query	INSERT INTO employees(employee_id,first_name,last_name,email,phone_number,hire_date,job_id,salary,manager_id,department_id) VALUES (112,'Jose Manuel','Urman','jose manuel.urman@sqltutorial.org','515.124.4469','1998-03-07',6,7800.00,108,10)"
2024-04-13T15,02,"45.579347Z	   18 Query	INSERT INTO employees(employee_id,first_name,last_name,email,phone_number,hire_date,job_id,salary,manager_id,department_id) VALUES (113,'Luis','Popp','luis.popp@sqltutorial.org','515.124.4567','1999-12-07',6,6900.00,108,10)"
2024-04-13T15,02,"45.582687Z	   18 Query	INSERT INTO employees(employee_id,first_name,last_name,email,phone_number,hire_date,job_id,salary,manager_id,department_id) VALUES (114,'Den','Raphaely','den.raphaely@sqltutorial.org','515.127.4561','1994-12-07',14,11000.00,100,3)"
2024-04-13T15,02,"45.586227Z	   18 Query	INSERT INTO employees(employee_id,first_name,last_name,email,phone_number,hire_date,job_id,salary,manager_id,department_id) VALUES (115,'Alexander','Khoo','alexander.khoo@sqltutorial.org','515.127.4562','1995-05-18',13,3100.00,114,3)"
2024-04-13T15,02,"45.589944Z	   18 Query	INSERT INTO employees(employee_id,first_name,last_name,email,phone_number,hire_date,job_id,salary,manager_id,department_id) VALUES (116,'Shelli','Baida','shelli.baida@sqltutorial.org','515.127.4563','1997-12-24',13,2900.00,114,3)"
2024-04-13T15,02,"45.593287Z	   18 Query	INSERT INTO employees(employee_id,first_name,last_name,email,phone_number,hire_date,job_id,salary,manager_id,department_id) VALUES (117,'Sigal','Tobias','sigal.tobias@sqltutorial.org','515.127.4564','1997-07-24',13,2800.00,114,3)"
2024-04-13T15,02,"45.597249Z	   18 Query	INSERT INTO employees(employee_id,first_name,last_name,email,phone_number,hire_date,job_id,salary,manager_id,department_id) VALUES (118,'Guy','Himuro','guy.himuro@sqltutorial.org','515.127.4565','1998-11-15',13,2600.00,114,3)"
2024-04-13T15,02,"45.600812Z	   18 Query	INSERT INTO employees(employee_id,first_name,last_name,email,phone_number,hire_date,job_id,salary,manager_id,department_id) VALUES (119,'Karen','Colmenares','karen.colmenares@sqltutorial.org','515.127.4566','1999-08-10',13,2500.00,114,3)"
2024-04-13T15,02,"45.604510Z	   18 Query	INSERT INTO employees(employee_id,first_name,last_name,email,phone_number,hire_date,job_id,salary,manager_id,department_id) VALUES (120,'Matthew','Weiss','matthew.weiss@sqltutorial.org','650.123.1234','1996-07-18',19,8000.00,100,5)"
2024-04-13T15,02,"45.607964Z	   18 Query	INSERT INTO employees(employee_id,first_name,last_name,email,phone_number,hire_date,job_id,salary,manager_id,department_id) VALUES (121,'Adam','Fripp','adam.fripp@sqltutorial.org','650.123.2234','1997-04-10',19,8200.00,100,5)"
2024-04-13T15,02,"45.611469Z	   18 Query	INSERT INTO employees(employee_id,first_name,last_name,email,phone_number,hire_date,job_id,salary,manager_id,department_id) VALUES (122,'Payam','Kaufling','payam.kaufling@sqltutorial.org','650.123.3234','1995-05-01',19,7900.00,100,5)"
2024-04-13T15,02,"45.615116Z	   18 Query	INSERT INTO employees(employee_id,first_name,last_name,email,phone_number,hire_date,job_id,salary,manager_id,department_id) VALUES (123,'Shanta','Vollman','shanta.vollman@sqltutorial.org','650.123.4234','1997-10-10',19,6500.00,100,5)"
2024-04-13T15,02,"45.618998Z	   18 Query	INSERT INTO employees(employee_id,first_name,last_name,email,phone_number,hire_date,job_id,salary,manager_id,department_id) VALUES (126,'Irene','Mikkilineni','irene.mikkilineni@sqltutorial.org','650.124.1224','1998-09-28',18,2700.00,120,5)"
2024-04-13T15,02,"45.621949Z	   18 Query	INSERT INTO employees(employee_id,first_name,last_name,email,phone_number,hire_date,job_id,salary,manager_id,department_id) VALUES (145,'John','Russell','john.russell@sqltutorial.org',NULL,'1996-10-01',15,14000.00,100,8)"
2024-04-13T15,02,"45.625065Z	   18 Query	INSERT INTO employees(employee_id,first_name,last_name,email,phone_number,hire_date,job_id,salary,manager_id,department_id) VALUES (146,'Karen','Partners','karen.partners@sqltutorial.org',NULL,'1997-01-05',15,13500.00,100,8)"
2024-04-13T15,02,"45.628123Z	   18 Query	INSERT INTO employees(employee_id,first_name,last_name,email,phone_number,hire_date,job_id,salary,manager_id,department_id) VALUES (176,'Jonathon','Taylor','jonathon.taylor@sqltutorial.org',NULL,'1998-03-24',16,8600.00,100,8)"
2024-04-13T15,02,"45.631647Z	   18 Query	INSERT INTO employees(employee_id,first_name,last_name,email,phone_number,hire_date,job_id,salary,manager_id,department_id) VALUES (177,'Jack','Livingston','jack.livingston@sqltutorial.org',NULL,'1998-04-23',16,8400.00,100,8)"
2024-04-13T15,02,"45.635556Z	   18 Query	INSERT INTO employees(employee_id,first_name,last_name,email,phone_number,hire_date,job_id,salary,manager_id,department_id) VALUES (178,'Kimberely','Grant','kimberely.grant@sqltutorial.org',NULL,'1999-05-24',16,7000.00,100,8)"
2024-04-13T15,02,"45.639334Z	   18 Query	INSERT INTO employees(employee_id,first_name,last_name,email,phone_number,hire_date,job_id,salary,manager_id,department_id) VALUES (179,'Charles','Johnson','charles.johnson@sqltutorial.org',NULL,'2000-01-04',16,6200.00,100,8)"
2024-04-13T15,02,"45.642383Z	   18 Query	INSERT INTO employees(employee_id,first_name,last_name,email,phone_number,hire_date,job_id,salary,manager_id,department_id) VALUES (192,'Sarah','Bell','sarah.bell@sqltutorial.org','650.501.1876','1996-02-04',17,4000.00,123,5)"
2024-04-13T15,02,"45.645710Z	   18 Query	INSERT INTO employees(employee_id,first_name,last_name,email,phone_number,hire_date,job_id,salary,manager_id,department_id) VALUES (193,'Britney','Everett','britney.everett@sqltutorial.org','650.501.2876','1997-03-03',17,3900.00,123,5)"
2024-04-13T15,02,"45.649222Z	   18 Query	INSERT INTO employees(employee_id,first_name,last_name,email,phone_number,hire_date,job_id,salary,manager_id,department_id) VALUES (200,'Jennifer','Whalen','jennifer.whalen@sqltutorial.org','515.123.4444','1987-09-17',3,4400.00,101,1)"
2024-04-13T15,02,"45.652750Z	   18 Query	INSERT INTO employees(employee_id,first_name,last_name,email,phone_number,hire_date,job_id,salary,manager_id,department_id) VALUES (201,'Michael','Hartstein','michael.hartstein@sqltutorial.org','515.123.5555','1996-02-17',10,13000.00,100,2)"
2024-04-13T15,02,"45.656086Z	   18 Query	INSERT INTO employees(employee_id,first_name,last_name,email,phone_number,hire_date,job_id,salary,manager_id,department_id) VALUES (202,'Pat','Fay','pat.fay@sqltutorial.org','603.123.6666','1997-08-17',11,6000.00,201,2)"
2024-04-13T15,02,"45.659892Z	   18 Query	INSERT INTO employees(employee_id,first_name,last_name,email,phone_number,hire_date,job_id,salary,manager_id,department_id) VALUES (203,'Susan','Mavris','susan.mavris@sqltutorial.org','515.123.7777','1994-06-07',8,6500.00,101,4)"
2024-04-13T15,02,"45.662920Z	   18 Query	INSERT INTO employees(employee_id,first_name,last_name,email,phone_number,hire_date,job_id,salary,manager_id,department_id) VALUES (204,'Hermann','Baer','hermann.baer@sqltutorial.org','515.123.8888','1994-06-07',12,10000.00,101,7)"
2024-04-13T15,02,"45.666094Z	   18 Query	INSERT INTO employees(employee_id,first_name,last_name,email,phone_number,hire_date,job_id,salary,manager_id,department_id) VALUES (205,'Shelley','Higgins','shelley.higgins@sqltutorial.org','515.123.8080','1994-06-07',2,12000.00,101,11)"
2024-04-13T15,02,"45.673738Z	   18 Query	INSERT INTO employees(employee_id,first_name,last_name,email,phone_number,hire_date,job_id,salary,manager_id,department_id) VALUES (206,'William','Gietz','william.gietz@sqltutorial.org','515.123.8181','1994-06-07',1,8300.00,205,11)"
2024-04-13T15,02,"45.677284Z	   18 Query	INSERT INTO dependents(dependent_id,first_name,last_name,relationship,employee_id) VALUES (1,'Penelope','Gietz','Child',206)"
2024-04-13T15,02,"45.682219Z	   18 Query	INSERT INTO dependents(dependent_id,first_name,last_name,relationship,employee_id) VALUES (2,'Nick','Higgins','Child',205)"
2024-04-13T15,02,"45.686529Z	   18 Query	INSERT INTO dependents(dependent_id,first_name,last_name,relationship,employee_id) VALUES (3,'Ed','Whalen','Child',200)"
2024-04-13T15,02,"45.689911Z	   18 Query	INSERT INTO dependents(dependent_id,first_name,last_name,relationship,employee_id) VALUES (4,'Jennifer','King','Child',100)"
2024-04-13T15,02,"45.693203Z	   18 Query	INSERT INTO dependents(dependent_id,first_name,last_name,relationship,employee_id) VALUES (5,'Johnny','Kochhar','Child',101)"
2024-04-13T15,02,"45.696571Z	   18 Query	INSERT INTO dependents(dependent_id,first_name,last_name,relationship,employee_id) VALUES (6,'Bette','De Haan','Child',102)"
2024-04-13T15,02,"45.700204Z	   18 Query	INSERT INTO dependents(dependent_id,first_name,last_name,relationship,employee_id) VALUES (7,'Grace','Faviet','Child',109)"
2024-04-13T15,02,"45.703703Z	   18 Query	INSERT INTO dependents(dependent_id,first_name,last_name,relationship,employee_id) VALUES (8,'Matthew','Chen','Child',110)"
2024-04-13T15,02,"45.706842Z	   18 Query	INSERT INTO dependents(dependent_id,first_name,last_name,relationship,employee_id) VALUES (9,'Joe','Sciarra','Child',111)"
2024-04-13T15,02,"45.710457Z	   18 Query	INSERT INTO dependents(dependent_id,first_name,last_name,relationship,employee_id) VALUES (10,'Christian','Urman','Child',112)"
2024-04-13T15,02,"45.713941Z	   18 Query	INSERT INTO dependents(dependent_id,first_name,last_name,relationship,employee_id) VALUES (11,'Zero','Popp','Child',113)"
2024-04-13T15,02,"45.717142Z	   18 Query	INSERT INTO dependents(dependent_id,first_name,last_name,relationship,employee_id) VALUES (12,'Karl','Greenberg','Child',108)"
2024-04-13T15,02,"45.720794Z	   18 Query	INSERT INTO dependents(dependent_id,first_name,last_name,relationship,employee_id) VALUES (13,'Uma','Mavris','Child',203)"
2024-04-13T15,02,"45.724027Z	   18 Query	INSERT INTO dependents(dependent_id,first_name,last_name,relationship,employee_id) VALUES (14,'Vivien','Hunold','Child',103)"
2024-04-13T15,02,"45.727072Z	   18 Query	INSERT INTO dependents(dependent_id,first_name,last_name,relationship,employee_id) VALUES (15,'Cuba','Ernst','Child',104)"
2024-04-13T15,02,"45.730032Z	   18 Query	INSERT INTO dependents(dependent_id,first_name,last_name,relationship,employee_id) VALUES (16,'Fred','Austin','Child',105)"
2024-04-13T15,02,"45.732858Z	   18 Query	INSERT INTO dependents(dependent_id,first_name,last_name,relationship,employee_id) VALUES (17,'Helen','Pataballa','Child',106)"
2024-04-13T15,02,"45.736969Z	   18 Query	INSERT INTO dependents(dependent_id,first_name,last_name,relationship,employee_id) VALUES (18,'Dan','Lorentz','Child',107)"
2024-04-13T15,02,"45.740065Z	   18 Query	INSERT INTO dependents(dependent_id,first_name,last_name,relationship,employee_id) VALUES (19,'Bob','Hartstein','Child',201)"
2024-04-13T15,02,"45.742700Z	   18 Query	INSERT INTO dependents(dependent_id,first_name,last_name,relationship,employee_id) VALUES (20,'Lucille','Fay','Child',202)"
2024-04-13T15,02,"45.746445Z	   18 Query	INSERT INTO dependents(dependent_id,first_name,last_name,relationship,employee_id) VALUES (21,'Kirsten','Baer','Child',204)"
2024-04-13T15,02,"45.749348Z	   18 Query	INSERT INTO dependents(dependent_id,first_name,last_name,relationship,employee_id) VALUES (22,'Elvis','Khoo','Child',115)"
2024-04-13T15,02,"45.752898Z	   18 Query	INSERT INTO dependents(dependent_id,first_name,last_name,relationship,employee_id) VALUES (23,'Sandra','Baida','Child',116)"
2024-04-13T15,02,"45.755844Z	   18 Query	INSERT INTO dependents(dependent_id,first_name,last_name,relationship,employee_id) VALUES (24,'Cameron','Tobias','Child',117)"
2024-04-13T15,02,"45.758781Z	   18 Query	INSERT INTO dependents(dependent_id,first_name,last_name,relationship,employee_id) VALUES (25,'Kevin','Himuro','Child',118)"
2024-04-13T15,02,"45.762489Z	   18 Query	INSERT INTO dependents(dependent_id,first_name,last_name,relationship,employee_id) VALUES (26,'Rip','Colmenares','Child',119)"
2024-04-13T15,02,"45.769576Z	   18 Query	INSERT INTO dependents(dependent_id,first_name,last_name,relationship,employee_id) VALUES (27,'Julia','Raphaely','Child',114)"
2024-04-13T15,02,"45.776194Z	   18 Query	INSERT INTO dependents(dependent_id,first_name,last_name,relationship,employee_id) VALUES (28,'Woody','Russell','Child',145)"
2024-04-13T15,02,"45.780091Z	   18 Query	INSERT INTO dependents(dependent_id,first_name,last_name,relationship,employee_id) VALUES (29,'Alec','Partners','Child',146)"
2024-04-13T15,02,"45.783730Z	   18 Query	INSERT INTO dependents(dependent_id,first_name,last_name,relationship,employee_id) VALUES (30,'Sandra','Taylor','Child',176)"
2024-04-13T15,04,40.704214Z	   18 Query	select * from countries
"LIMIT 0, 1000"
2024-04-13T15,04,40.713184Z	   17 Query	SELECT st.* FROM performance_schema.events_statements_current st JOIN performance_schema.threads thr ON thr.thread_id = st.thread_id WHERE thr.processlist_id = 18
2024-04-13T15,04,40.714844Z	   17 Query	SELECT st.* FROM performance_schema.events_stages_history_long st WHERE st.nesting_event_id = 343
2024-04-13T15,04,40.715570Z	   17 Query	SELECT st.* FROM performance_schema.events_waits_history_long st WHERE st.nesting_event_id = 343
2024-04-13T15,04,40.718309Z	   17 Query	SHOW INDEX FROM `hr`.`countries`
2024-04-13T15,05,16.048059Z	   18 Query	select * from countries where region_id=1
"LIMIT 0, 1000"
2024-04-13T15,05,16.063536Z	   17 Query	SELECT st.* FROM performance_schema.events_statements_current st JOIN performance_schema.threads thr ON thr.thread_id = st.thread_id WHERE thr.processlist_id = 18
2024-04-13T15,05,16.066171Z	   17 Query	SELECT st.* FROM performance_schema.events_stages_history_long st WHERE st.nesting_event_id = 346
2024-04-13T15,05,16.067145Z	   17 Query	SELECT st.* FROM performance_schema.events_waits_history_long st WHERE st.nesting_event_id = 346
2024-04-13T15,05,16.069408Z	   17 Query	SHOW INDEX FROM `hr`.`countries`
2024-04-13T15,06,"08.856272Z	   18 Query	select c.*, r.region_name from countries c, region r"
"LIMIT 0, 1000"
2024-04-13T15,06,"20.785838Z	   18 Query	select c.*, r.region_name from countries c, regions r"
"LIMIT 0, 1000"
2024-04-13T15,06,20.795003Z	   17 Query	SELECT st.* FROM performance_schema.events_statements_current st JOIN performance_schema.threads thr ON thr.thread_id = st.thread_id WHERE thr.processlist_id = 18
2024-04-13T15,06,20.795877Z	   17 Query	SELECT st.* FROM performance_schema.events_stages_history_long st WHERE st.nesting_event_id = 351
2024-04-13T15,06,20.796193Z	   17 Query	SELECT st.* FROM performance_schema.events_waits_history_long st WHERE st.nesting_event_id = 351
2024-04-13T15,28,14.856023Z	   18 Query	set global log_output = 'table'
